<?xml version="1.0" encoding="UTF-8"?>

<!DOCTYPE mapper
  PUBLIC "-//mybatis.org//DTD Mapper 3.0//EN"
  "http://mybatis.org/dtd/mybatis-3-mapper.dtd">
  
  <mapper namespace="Member">
  
   <!-- 중복아이디 검색 -->
   <select id="m_check" parameterType="String"
   resultType="m">
    select * from member where mem_id=#{id}
   </select>
   
   <!-- 우편주소 검색 -->
   <select id="m_zip" resultType="z">
     select * from zipcode where dong like #{dong}
   </select>
   
   <!-- 회원저장 -->
   <insert id="m_in">
   insert into member (mem_id,mem_pwd,mem_name,mem_zip,mem_zip2,
   mem_addr,mem_addr2,mem_phone01,mem_phone02,mem_phone03,
   mail_id,mail_domain,mem_date,mem_state)
   values(#{mem_id},#{mem_pwd},#{mem_name},#{mem_zip},
   #{mem_zip2},#{mem_addr},#{mem_addr2},#{mem_phone01},
   #{mem_phone02},#{mem_phone03},#{mail_id},#{mail_domain},
   sysdate,1)
   </insert>
   
   <!-- 비번찾기 회원정보 검색 -->
   <select id="p_find" resultType="m">
    select * from member where mem_id=#{mem_id} and
    mem_name=#{mem_name}
   </select>
   
   <!-- 임시비번 수정 -->
   <update id="p_edit" parameterType="m">
    update member set mem_pwd=#{mem_pwd}
    where mem_id=#{mem_id}
   </update>
   
   <!-- 로그인 인증 -->
   <select id="login_ck" resultType="m">
    select * from member where mem_id=#{login_id}
    and mem_state=1
   </select>
   
   <!-- 회원정보 -->
   <select id="m_edit" parameterType="java.lang.String"
   resultType="m">
     select * from member where mem_id=#{id}
   </select>
   
   <!-- 수정완료 -->
   <update id="edit_ok" parameterType="m">
    update member set mem_pwd=#{mem_pwd},mem_name=#{mem_name}
    ,mem_zip=#{mem_zip},mem_zip2=#{mem_zip2},
    mem_addr=#{mem_addr},mem_addr2=#{mem_addr2},
    mem_phone01=#{mem_phone01},mem_phone02=#{mem_phone02},
    mem_phone03=#{mem_phone03},mail_id=#{mail_id},
    mail_domain=#{mail_domain} where mem_id=#{mem_id}
   </update>
   
   <!-- 회원탈퇴 -->
   <update id="m_del" parameterType="m">
    update member set mem_delcont=#{mem_delcont},
    mem_state=2,mem_deldate=sysdate where mem_id=#{mem_id}
   </update>
  </mapper>
  
  
  
  
  
  
  
  
  
  
  
  
  
  
  
  
  
  
  
  
  
  
  
  
  
  
  
  
  
  
  
  