<?xml version="1.0" encoding="UTF-8"?>

<!DOCTYPE configuration
  PUBLIC "-//mybatis.org//DTD Config 3.0//EN"
  "http://mybatis.org/dtd/mybatis-3-config.dtd">
  
<configuration>
  <!-- 도메인 데이터 저장빈 클래스 별칭 객체를 관리하는 mybatis
  환경설정 태그이다. -->
  <typeAliases>
     <typeAlias alias="m" type="org.zerock.domain.MemberVO"/>
     <!-- MemberVO클래스의 객체명 m을 생성 -->
     <typeAlias alias="b" type="org.zerock.domain.BoardVO"/>
     <typeAlias alias="r" type="org.zerock.domain.ReplyVO"/>
     <typeAlias alias="m2" type="org.zerock.domain.MessageVO"/>
     <typeAlias alias="user" type="org.zerock.domain.User"/> 
     <typeAlias alias="g" type="org.zerock.domain.GuestVO"/>              
  </typeAliases>
</configuration>





