<?xml version="1.0" encoding="UTF-8"?>

<!DOCTYPE mapper
  PUBLIC "-//mybatis.org//DTD Mapper 3.0//EN"
  "http://mybatis.org/dtd/mybatis-3-mapper.dtd">
  
  <mapper namespace="Board">
  
     <!-- 게시물 저장 -->
     <insert id="b_in" parameterType="b">
     <!-- parameterType 속성은 전달인자 타입(생략 가능) -->
     insert into tbl_board (bno,writer,title,content,regdate)
     values(bno7_seq.nextval,#{writer},#{title},#{content},
     sysdate)
     <!-- #{writer}는 자바코드로 표현하면 b.getWriter(); -->
     </insert>
     
     <!-- 목록보기 -->
     <select id="b_list" resultType="b" 
     parameterType="b">
     <!-- resultType속성은 반환타입 -->
     select * from
     (select rowNum rNum,bno,writer,title,viewcnt,regdate,
     replycnt 
     from (select * from tbl_board order by bno desc))
     where rNum &gt;= #{startrow} and rNum &lt;= #{endrow}
     <!-- &gt;= 이것은 >=, &lt;은 <= 결국은 1이상이고 10이하
     만큼 레코드 목록을 제한,최대 목록개수 10개로 제한. -->
     </select>
     
     <!-- 총레코드 개수 -->
     <select id="b_count" resultType="int">
      <!-- 정수 숫자 타입으로 반환 -->
      select count(bno) from tbl_board
     </select>
     
     <!-- 조회수 증가 -->
     <update id="b_hit" parameterType="int">
      update tbl_board set viewcnt=viewcnt+1 
      where bno=#{bno}
     </update>
     
     <!-- 내용보기 -->
     <select id="bcont" parameterType="int"
     resultType="b">
      select * from tbl_board where bno=#{bno}
     </select>
     
     <!-- 게시물 수정 -->
     <update id="bedit" parameterType="b">
      update tbl_board set writer=#{writer},
      title=#{title}, content=#{content}
      where bno=#{bno}
     </update>
     
     <!-- 게시물 삭제 -->
     <delete id="bdel" parameterType="int">
      delete from tbl_board where bno=#{bno}
     </delete>
     
     <!-- 댓글 수 카운터 -->
     <update id="updateReplyCnt">
      update tbl_board set replycnt=replycnt+#{amount}
      where bno=#{bno}
     </update>
  </mapper>
  
  
  
  
  
  
  
  
  
  
  
  
  
  
  
  
  
  
  
  
  
  
  
  
  
  
  
  
  
  
  