<?xml version="1.0" encoding="UTF-8"?>

<!DOCTYPE mapper
  PUBLIC "-//mybatis.org//DTD Mapper 3.0//EN"
  "http://mybatis.org/dtd/mybatis-3-mapper.dtd">
  
  <mapper namespace="Reply">
  
   <!-- 댓글등록 -->
   <insert id="reply_in" parameterType="r">
     insert into tbl_reply (rno,bno,replytext,replyer,regdate)
     values(rno_seq.nextval,#{bno},#{replytext},#{replyer},
     sysdate)
   </insert>
   
   <!-- 게시물에 대한 댓글 목록 -->
   <select id="reply_list" parameterType="int"
   resultType="r">
    select * from tbl_reply where bno=#{bno}
    order by rno desc
   </select>
   
   <!-- 댓글 수정 -->
   <update id="reply_edit">
    update tbl_reply set replytext=#{replytext},
    updatedate=sysdate where rno=#{rno}
   </update>
   
   <!-- 댓글 삭제 -->
   <delete id="reply_DEL" parameterType="int">
    delete from tbl_reply where rno=#{rno}
   </delete>
   
   <!-- 댓글로 부터 게시물 번호 알아내기 -->
   <select id="reply_bno" parameterType="int"
   resultType="int">
    select bno from tbl_reply where rno=#{rno}
   </select>
  </mapper>
  
  
  
  
  
  
  
  
  
  
  
  
  
  
  
  
  
  
  
  
  
  
  
  
  
  
  
  